{"articles":[{"type":"article","title":"3 Tips For Combating Stress","description":"Stress comes in many forms. Use these naturopathic approved methods of stress reduction to help keep you cool and calm, any time of year.","url":"/articles/3-tips-for-combating-stress","category":"Naturopathic","tags":["naturopathic"],"publishDate":"2012-12-17T00:00:00.000Z"},{"type":"article","title":"5 Ways To Eat More Fruit & Vegetables","description":"Fruit and Vegetable intake is an important part of a healthy diet. Eating 5-10 servings per day helps us to feel great and prevent disease.","url":"/articles/5-ways-to-eat-more-fruit-vegetables","category":"Naturopathic","tags":["naturopathic"],"publishDate":"2012-08-13T00:00:00.000Z"},{"type":"article","title":"Acne, Eczema, Psoriasis & Treatments","description":"Skin conditions such as acne, eczema and psoriasis can be signs of issues within the body. Natural treatments such as diet and herbs can be effective.","url":"/articles/acne-eczema-psoriasis-treatments","category":"Naturopathic","tags":["naturopathic"],"publishDate":"2012-06-13T00:00:00.000Z"},{"type":"article","title":"Comprehensive Hormone Testing in Halifax: Sex Hormones and Adrenal Function","description":"Access comprehensive hormone testing in Halifax including estrogen, progesterone, testosterone, cortisol, and DHEA. Learn about sex hormone and adrenal assessment through private lab services.","url":"/articles/comprehensive-hormone-testing-halifax","category":"Lab Testing","tags":["hormone testing","Halifax","Nova Scotia","cortisol","testosterone","estrogen","DHEA"],"publishDate":"2024-12-04T00:00:00.000Z"},{"type":"article","title":"Chelation Therapy for Heart Disease: The TACT Trial and Beyond","description":"EDTA chelation therapy has been studied in major NIH-funded trials for cardiovascular disease. Learn about the TACT study results, how chelation may benefit heart health, and what this means for Nova Scotians.","url":"/articles/chelation-therapy-heart-disease","category":"Naturopathic","tags":["chelation","cardiovascular","TACT trial","heart disease"],"publishDate":"2024-12-04T00:00:00.000Z"},{"type":"article","title":"Chelation & Lead Toxicity","description":"Lead toxicity is a common disease which can be difficult to recognize. Chelation treatment and lead avoidance are the two essential weapons against lead.","url":"/articles/chelation-lead-toxicity","category":"Naturopathic","tags":["naturopathic"],"publishDate":"2015-02-02T00:00:00.000Z"},{"type":"article","title":"Natural Approaches to Digestive Health","description":"Digestive health is foundational to overall wellness. Naturopathic medicine offers effective approaches for IBS, SIBO, food sensitivities, and gut microbiome imbalances.","url":"/articles/digestive-health-natural-approaches","category":"Naturopathic","tags":["digestive health","IBS","SIBO","gut health","naturopathic"],"publishDate":"2024-12-03T00:00:00.000Z"},{"type":"article","title":"Frequently Asked Questions","description":"What training do naturopathic doctors have? Are homeopathy and naturopathic medicine the same? What conditions do naturopathic doctors treat?","url":"/articles/frequently-asked-questions","category":"Naturopathic","tags":["naturopathic"],"publishDate":"2013-08-30T00:00:00.000Z"},{"type":"article","title":"Herbal Medicine: History and Uses","description":"Herbal Medicine is an ancient system of medicine, used in many civilizations for a variety health conditions, including weight loss, pain and mental health.","url":"/articles/herbal-medicine-history-and-uses","category":"Naturopathic","tags":["naturopathic"],"publishDate":"2012-02-01T00:00:00.000Z"},{"type":"article","title":"Herbal Spotlight: Rhodiola","description":"Rhodiola rosea is an herb which has traditionally been used for treating stress, fatigue and weakness. Research has verified these traditional indications","url":"/articles/herbal-spotlight-rhodiola","category":"Naturopathic","tags":["naturopathic"],"publishDate":"2013-02-12T00:00:00.000Z"},{"type":"article","title":"Strengthening Your Immune System Naturally","description":"The immune system is a complex network that can be supported through proper nutrition, lifestyle factors, and naturopathic treatments including IV therapy.","url":"/articles/immune-support-natural-approaches","category":"Naturopathic","tags":["immune system","vitamin D","IV therapy","naturopathic"],"publishDate":"2024-12-03T00:00:00.000Z"},{"type":"article","title":"How Much Sleep Does An Athlete Need?","description":"Nutrition and training are front and centre in the minds of competitive athletes. However sleep is also an essential factor in performance optimization.","url":"/articles/how-much-sleep-does-an-athlete-need","category":"Naturopathic","tags":["naturopathic"],"publishDate":"2015-05-27T00:00:00.000Z"},{"type":"article","title":"Magnesium - The Natural Muscle Relaxer","description":"Magnesium is a mineral essential for healthy muscles, nervous system, cardiovascular system and digestive tract. Learn about magnesium deficiency symptoms and food sources.","url":"/articles/magnesium-the-natural-muscle-relaxer","category":"Naturopathic","tags":["naturopathic"],"publishDate":"2019-09-24T00:00:00.000Z"},{"type":"article","title":"Methylation & The MTHFR Gene","description":"Methylation, the attachment of a methyl group to another molecule, is a critical process for building, maintaining and repairing throughout the body.","url":"/articles/methylation-the-mthfr-gene","category":"Naturopathic","tags":["naturopathic"],"publishDate":"2015-07-07T00:00:00.000Z"},{"type":"article","title":"Mistletoe: A Natural Cancer Treatment","description":"Mistletoe extract injections are a natural cancer treatment helpful in improving quality of life and survival in most types of cancer while being very safe.","url":"/articles/mistletoe-a-natural-cancer-treatment","category":"Naturopathic","tags":["naturopathic"],"publishDate":"2014-03-25T00:00:00.000Z"},{"type":"article","title":"Arthritis: Understanding the Condition and Natural Treatment Options","description":"Comprehensive guide to osteoarthritis causes, why NSAIDs may accelerate joint damage, and effective natural alternatives including prolotherapy, acupuncture, and nutritional interventions.","url":"/articles/natural-treatments-for-arthritis","category":"Pain Management","tags":["arthritis","osteoarthritis","joint pain","prolotherapy","acupuncture","natural treatment"],"publishDate":"2015-11-27T00:00:00.000Z"},{"type":"article","title":"Sustainable Weight Management","description":"While fewer calories in and more calories out is important for weight loss, actually making a plan to effectively lose weight is not as simple as 3 – 2 = 1","url":"/articles/natural-weight-loss-solutions","category":"Uncategorized","tags":["naturopathic"],"publishDate":"2013-08-20T00:00:00.000Z"},{"type":"article","title":"Nutrients For Athletic Performance","description":"For competitive athletes, maximized nutrition, training and rest are essential for performance and health; but perfect nutrient status is rare in athletes.","url":"/articles/nutrients-for-athletic-performance","category":"Naturopathic","tags":["naturopathic"],"publishDate":"2015-11-01T00:00:00.000Z"},{"type":"article","title":"Quit Smoking With Acupuncture","description":"Acupuncture helps reduce nicotine cravings and improves smoking cessation rates. Learn how this traditional treatment supports quitting smoking.","url":"/articles/quit-smoking-with-acupuncture","category":"Naturopathic","tags":["naturopathic"],"publishDate":"2017-07-28T00:00:00.000Z"},{"type":"article","title":"Quinoa Salad Recipe","description":"Quinoa salad is high in protein, high in fibre and is full of vegetables. This is an excellent meal for vegans and people going gluten-free.","url":"/articles/quinoa-salad-recipe","category":"Naturopathic","tags":["naturopathic"],"publishDate":"2012-12-21T00:00:00.000Z"},{"type":"article","title":"Post-Viral Recovery: How IV Therapy Supports Healing After COVID, Flu, and Other Infections","description":"Struggling to recover after COVID or other viral infections? Learn how IV nutrient therapy, including Myers' Cocktail and IV Vitamin C, can support post-viral recovery and address lingering fatigue.","url":"/articles/post-viral-recovery-iv-therapy","category":"IV Therapy","tags":["long COVID","post-viral fatigue","IV therapy","Myers Cocktail","vitamin C","Halifax","Nova Scotia"],"publishDate":"2024-12-04T00:00:00.000Z"},{"type":"article","title":"Optimizing Recovery: Natural Approaches for Athletes","description":"Evidence-based strategies to enhance athletic recovery including IV therapy, nutrition, sleep optimization, and natural anti-inflammatory support for faster return to training.","url":"/articles/recovery-enhancement-natural-approaches","category":"Sports Medicine","tags":["athletic recovery","IV therapy","sports nutrition","sleep","naturopathic"],"publishDate":"2024-12-03T00:00:00.000Z"},{"type":"article","title":"Natural Treatment for Sports Injuries","description":"Naturopathic treatment of sports injuries including prolotherapy, acupuncture, and nutritional support can accelerate healing and help prevent re-injury.","url":"/articles/sports-injuries-natural-treatment","category":"Pain Management","tags":["sports injuries","prolotherapy","acupuncture","injury recovery","naturopathic"],"publishDate":"2024-12-03T00:00:00.000Z"}]}